signal_quality_score,artifact_burden_score,temporal_stability_score,missingness_risk_score,device_bias_score,confounding_risk_score,overall_trust_score,category,explanation,participant_id
68.9,59.199999999999996,86.30637994553419,71.5952380952381,100.0,98.79788240643573,76.95,moderate,Overall category: moderate. Strongest component: device_bias_score (100.0). Weakest component: artifact_burden_score (59.2). Research prototype only. Not medical advice.,P0001
55.403333333333336,65.55166666666668,84.31131201302506,78.5952380952381,100.0,63.56665930754857,71.97,moderate,Overall category: moderate. Strongest component: device_bias_score (100.0). Weakest component: signal_quality_score (55.4). Research prototype only. Not medical advice.,P0002
64.49833333333333,58.51833333333334,86.63458517139694,70.80952380952381,100.0,89.03154037864101,74.68,moderate,Overall category: moderate. Strongest component: device_bias_score (100.0). Weakest component: artifact_burden_score (58.5). Research prototype only. Not medical advice.,P0003
56.230000000000004,53.980000000000004,89.56797952518292,49.80952380952382,100.0,93.43150342465356,69.58,moderate,Overall category: moderate. Strongest component: device_bias_score (100.0). Weakest component: missingness_risk_score (49.8). Research prototype only. Not medical advice.,P0004
47.27166666666667,60.126666666666665,81.33709223775071,64.97619047619048,100.0,74.32635305458004,67.29,moderate,Overall category: moderate. Strongest component: device_bias_score (100.0). Weakest component: signal_quality_score (47.3). Research prototype only. Not medical advice.,P0005
54.76166666666666,52.34833333333333,87.07832216429796,61.47619047619048,100.0,86.08465999173828,69.41,moderate,Overall category: moderate. Strongest component: device_bias_score (100.0). Weakest component: artifact_burden_score (52.3). Research prototype only. Not medical advice.,P0006
57.264999999999986,63.135,89.03869214008903,53.28571428571429,100.0,85.94392105140095,71.34,moderate,Overall category: moderate. Strongest component: device_bias_score (100.0). Weakest component: missingness_risk_score (53.3). Research prototype only. Not medical advice.,P0007
54.76500000000002,57.46,80.36787281605754,67.6904761904762,100.0,83.21633421345294,69.73,moderate,Overall category: moderate. Strongest component: device_bias_score (100.0). Weakest component: signal_quality_score (54.8). Research prototype only. Not medical advice.,P0008
56.41166666666667,59.66499999999999,67.22243562891565,77.42857142857143,100.0,68.54017014192559,67.95,moderate,Overall category: moderate. Strongest component: device_bias_score (100.0). Weakest component: signal_quality_score (56.4). Research prototype only. Not medical advice.,P0009
69.98666666666666,66.09833333333333,86.8202588706961,71.5952380952381,100.0,85.44119497186014,77.36,moderate,Overall category: moderate. Strongest component: device_bias_score (100.0). Weakest component: artifact_burden_score (66.1). Research prototype only. Not medical advice.,P0010
69.78000000000002,64.59666666666666,88.12330372293864,89.88095238095238,100.0,77.60429359816003,79.23,moderate,Overall category: moderate. Strongest component: device_bias_score (100.0). Weakest component: artifact_burden_score (64.6). Research prototype only. Not medical advice.,P0011
50.224999999999994,48.14166666666667,82.38419655654505,43.57142857142857,100.0,70.63383945123847,62.26,moderate,Overall category: moderate. Strongest component: device_bias_score (100.0). Weakest component: missingness_risk_score (43.6). Research prototype only. Not medical advice.,P0012
54.65833333333333,56.39333333333333,69.18007982108216,68.0952380952381,100.0,93.57615168941523,68.35,moderate,Overall category: moderate. Strongest component: device_bias_score (100.0). Weakest component: signal_quality_score (54.7). Research prototype only. Not medical advice.,P0013
69.03666666666665,74.11333333333333,88.45588306572863,92.21428571428572,100.0,89.77743030530102,82.58,high,Overall category: high. Strongest component: device_bias_score (100.0). Weakest component: signal_quality_score (69.0). Research prototype only. Not medical advice.,P0014
66.57666666666667,71.61166666666666,88.1700725919452,82.0952380952381,100.0,92.0656706887439,80.12,high,Overall category: high. Strongest component: device_bias_score (100.0). Weakest component: signal_quality_score (66.6). Research prototype only. Not medical advice.,P0015
75.54666666666665,68.47833333333332,91.19108677450522,84.04761904761905,100.0,80.28413107998257,81.46,high,Overall category: high. Strongest component: device_bias_score (100.0). Weakest component: artifact_burden_score (68.5). Research prototype only. Not medical advice.,P0016
67.71833333333333,68.43333333333332,89.68874824523496,94.54761904761905,100.0,58.323450488736526,78.57,moderate,Overall category: moderate. Strongest component: device_bias_score (100.0). Weakest component: confounding_risk_score (58.3). Research prototype only. Not medical advice.,P0017
73.99833333333333,67.72833333333332,87.11612734895786,76.26190476190476,100.0,75.42055356756225,78.45,moderate,Overall category: moderate. Strongest component: device_bias_score (100.0). Weakest component: artifact_burden_score (67.7). Research prototype only. Not medical advice.,P0018
51.81166666666668,58.20000000000001,86.81772280705945,64.1904761904762,100.0,86.12353834509912,70.2,moderate,Overall category: moderate. Strongest component: device_bias_score (100.0). Weakest component: signal_quality_score (51.8). Research prototype only. Not medical advice.,P0019
77.77499999999999,72.91,89.27378049214525,82.0952380952381,100.0,74.17897980583128,81.61,high,Overall category: high. Strongest component: device_bias_score (100.0). Weakest component: artifact_burden_score (72.9). Research prototype only. Not medical advice.,P0020
57.32166666666667,67.33333333333333,86.34055523793154,87.54761904761905,100.0,76.03704349606191,75.8,moderate,Overall category: moderate. Strongest component: device_bias_score (100.0). Weakest component: signal_quality_score (57.3). Research prototype only. Not medical advice.,P0021
59.445,64.28666666666668,83.84032892772998,83.26190476190476,100.0,87.46936633958916,75.72,moderate,Overall category: moderate. Strongest component: device_bias_score (100.0). Weakest component: signal_quality_score (59.4). Research prototype only. Not medical advice.,P0022
62.886666666666656,50.4,89.86579854642217,69.64285714285714,100.0,97.5435533476083,73.98,moderate,Overall category: moderate. Strongest component: device_bias_score (100.0). Weakest component: artifact_burden_score (50.4). Research prototype only. Not medical advice.,P0023
65.74333333333333,65.02999999999999,90.50144123550635,62.642857142857146,100.0,93.88940678399268,76.33,moderate,Overall category: moderate. Strongest component: device_bias_score (100.0). Weakest component: missingness_risk_score (62.6). Research prototype only. Not medical advice.,P0024
58.90666666666667,61.71833333333334,87.90385017018491,88.71428571428572,100.0,94.56079479600797,77.41,moderate,Overall category: moderate. Strongest component: device_bias_score (100.0). Weakest component: signal_quality_score (58.9). Research prototype only. Not medical advice.,P0025
70.80333333333333,63.946666666666665,86.96446255137795,78.5952380952381,100.0,88.86753731883678,78.56,moderate,Overall category: moderate. Strongest component: device_bias_score (100.0). Weakest component: artifact_burden_score (63.9). Research prototype only. Not medical advice.,P0026
56.66499999999998,51.99166666666667,88.97136135454092,62.26190476190475,100.0,93.32028611022477,71.03,moderate,Overall category: moderate. Strongest component: device_bias_score (100.0). Weakest component: artifact_burden_score (52.0). Research prototype only. Not medical advice.,P0027
52.58166666666667,62.70666666666666,89.41528125233795,80.54761904761905,100.0,80.93475335102208,73.75,moderate,Overall category: moderate. Strongest component: device_bias_score (100.0). Weakest component: signal_quality_score (52.6). Research prototype only. Not medical advice.,P0028
58.83333333333335,64.3,86.75592238506025,87.54761904761905,100.0,82.55158085073882,76.31,moderate,Overall category: moderate. Strongest component: device_bias_score (100.0). Weakest component: signal_quality_score (58.8). Research prototype only. Not medical advice.,P0029
71.02833333333334,66.99166666666667,89.27122530704746,82.0952380952381,100.0,86.26646119763568,79.95,moderate,Overall category: moderate. Strongest component: device_bias_score (100.0). Weakest component: artifact_burden_score (67.0). Research prototype only. Not medical advice.,P0030
64.285,59.84499999999999,86.6638297397281,82.0952380952381,100.0,77.3222343446048,75.42,moderate,Overall category: moderate. Strongest component: device_bias_score (100.0). Weakest component: artifact_burden_score (59.8). Research prototype only. Not medical advice.,P0031
65.335,66.33666666666667,90.41720903789452,70.02380952380953,100.0,93.23230273080928,77.51,moderate,Overall category: moderate. Strongest component: device_bias_score (100.0). Weakest component: signal_quality_score (65.3). Research prototype only. Not medical advice.,P0032
55.28000000000001,55.955,88.8226342216026,76.26190476190476,100.0,99.79246341430549,74.19,moderate,Overall category: moderate. Strongest component: device_bias_score (100.0). Weakest component: signal_quality_score (55.3). Research prototype only. Not medical advice.,P0033
70.99333333333334,66.875,89.16546243052517,79.76190476190476,100.0,91.38802642813866,80.06,high,Overall category: high. Strongest component: device_bias_score (100.0). Weakest component: artifact_burden_score (66.9). Research prototype only. Not medical advice.,P0034
64.46666666666665,57.58333333333334,82.5857162930498,57.190476190476204,100.0,84.67356900917876,71.2,moderate,Overall category: moderate. Strongest component: device_bias_score (100.0). Weakest component: missingness_risk_score (57.2). Research prototype only. Not medical advice.,P0035
60.988333333333344,61.87499999999999,87.0846445454438,61.47619047619048,100.0,78.48216487126378,72.11,moderate,Overall category: moderate. Strongest component: device_bias_score (100.0). Weakest component: signal_quality_score (61.0). Research prototype only. Not medical advice.,P0036
61.308333333333344,62.92833333333333,87.58375687487228,79.76190476190476,100.0,79.89655692971768,75.38,moderate,Overall category: moderate. Strongest component: device_bias_score (100.0). Weakest component: signal_quality_score (61.3). Research prototype only. Not medical advice.,P0037
67.20166666666667,56.955,84.45733996972817,71.19047619047619,100.0,82.70278812072083,74.03,moderate,Overall category: moderate. Strongest component: device_bias_score (100.0). Weakest component: artifact_burden_score (57.0). Research prototype only. Not medical advice.,P0038
53.516666666666666,65.46666666666667,88.60350368856984,73.14285714285714,100.0,67.03940695345729,71.87,moderate,Overall category: moderate. Strongest component: device_bias_score (100.0). Weakest component: signal_quality_score (53.5). Research prototype only. Not medical advice.,P0039
58.508333333333326,56.220000000000006,87.57622738097992,60.30952380952381,100.0,63.23096953742308,68.76,moderate,Overall category: moderate. Strongest component: device_bias_score (100.0). Weakest component: artifact_burden_score (56.2). Research prototype only. Not medical advice.,P0040
48.891666666666666,54.94666666666666,89.53408303381352,42.4047619047619,100.0,95.77454022791736,67.06,moderate,Overall category: moderate. Strongest component: device_bias_score (100.0). Weakest component: missingness_risk_score (42.4). Research prototype only. Not medical advice.,P0041
58.23166666666667,63.806666666666665,82.12889506014251,76.26190476190476,100.0,82.0999149712831,73.39,moderate,Overall category: moderate. Strongest component: device_bias_score (100.0). Weakest component: signal_quality_score (58.2). Research prototype only. Not medical advice.,P0042
58.78,68.75,88.3464205819996,67.30952380952382,100.0,92.03921162186836,75.41,moderate,Overall category: moderate. Strongest component: device_bias_score (100.0). Weakest component: signal_quality_score (58.8). Research prototype only. Not medical advice.,P0043
52.239999999999995,65.19,84.8847799947603,69.64285714285714,100.0,54.21818344443442,68.94,moderate,Overall category: moderate. Strongest component: device_bias_score (100.0). Weakest component: signal_quality_score (52.2). Research prototype only. Not medical advice.,P0044
70.19833333333332,60.196666666666665,85.66015626149965,68.47619047619048,100.0,94.41009193013335,76.43,moderate,Overall category: moderate. Strongest component: device_bias_score (100.0). Weakest component: artifact_burden_score (60.2). Research prototype only. Not medical advice.,P0045
48.39166666666666,49.425,79.43695375726475,61.47619047619048,100.0,65.56011408808241,63.65,moderate,Overall category: moderate. Strongest component: device_bias_score (100.0). Weakest component: signal_quality_score (48.4). Research prototype only. Not medical advice.,P0046
54.35333333333333,48.568333333333335,87.79282882709282,75.09523809523809,100.0,59.01722048231481,68.03,moderate,Overall category: moderate. Strongest component: device_bias_score (100.0). Weakest component: artifact_burden_score (48.6). Research prototype only. Not medical advice.,P0047
58.12500000000001,62.33333333333333,87.57574597121788,54.07142857142857,100.0,75.84410721766582,70.21,moderate,Overall category: moderate. Strongest component: device_bias_score (100.0). Weakest component: missingness_risk_score (54.1). Research prototype only. Not medical advice.,P0048
43.37833333333334,48.995,72.67678535101413,48.61904761904763,100.0,88.86998728404015,61.36,moderate,Overall category: moderate. Strongest component: device_bias_score (100.0). Weakest component: signal_quality_score (43.4). Research prototype only. Not medical advice.,P0049
47.81000000000001,58.06333333333333,82.00223232082384,64.97619047619048,100.0,79.08888683361957,67.62,moderate,Overall category: moderate. Strongest component: device_bias_score (100.0). Weakest component: signal_quality_score (47.8). Research prototype only. Not medical advice.,P0050
66.83333333333333,63.915,85.87711060197825,70.80952380952381,100.0,70.72470757353808,74.36,moderate,Overall category: moderate. Strongest component: device_bias_score (100.0). Weakest component: artifact_burden_score (63.9). Research prototype only. Not medical advice.,P0051
65.99499999999998,63.063333333333325,89.22992707977318,80.92857142857143,100.0,71.08078031152685,76.2,moderate,Overall category: moderate. Strongest component: device_bias_score (100.0). Weakest component: artifact_burden_score (63.1). Research prototype only. Not medical advice.,P0052
57.82833333333334,60.963333333333345,89.7938450491319,75.09523809523809,100.0,84.56655937205252,74.33,moderate,Overall category: moderate. Strongest component: device_bias_score (100.0). Weakest component: signal_quality_score (57.8). Research prototype only. Not medical advice.,P0053
72.81833333333333,65.91833333333332,83.53684444040232,83.26190476190476,100.0,73.86204952574973,77.97,moderate,Overall category: moderate. Strongest component: device_bias_score (100.0). Weakest component: artifact_burden_score (65.9). Research prototype only. Not medical advice.,P0054
67.91333333333333,62.5,85.85329708056992,63.02380952380954,100.0,65.15954990239348,72.62,moderate,Overall category: moderate. Strongest component: device_bias_score (100.0). Weakest component: artifact_burden_score (62.5). Research prototype only. Not medical advice.,P0055
74.42833333333334,66.08333333333334,85.36743115241107,56.404761904761905,100.0,97.84073693207343,77.14,moderate,Overall category: moderate. Strongest component: device_bias_score (100.0). Weakest component: missingness_risk_score (56.4). Research prototype only. Not medical advice.,P0056
69.13,65.68166666666666,84.11757100778131,65.76190476190476,100.0,84.11843150215374,75.52,moderate,Overall category: moderate. Strongest component: device_bias_score (100.0). Weakest component: artifact_burden_score (65.7). Research prototype only. Not medical advice.,P0057
66.79166666666669,63.24333333333334,81.80411527810453,84.42857142857143,100.0,69.67686035231246,75.34,moderate,Overall category: moderate. Strongest component: device_bias_score (100.0). Weakest component: artifact_burden_score (63.2). Research prototype only. Not medical advice.,P0058
71.92500000000001,67.24833333333333,89.56765933382957,77.80952380952382,100.0,76.05880580437483,78.62,moderate,Overall category: moderate. Strongest component: device_bias_score (100.0). Weakest component: artifact_burden_score (67.2). Research prototype only. Not medical advice.,P0059
67.43500000000002,60.3,87.99614645877244,62.642857142857146,100.0,77.85754379885034,73.7,moderate,Overall category: moderate. Strongest component: device_bias_score (100.0). Weakest component: artifact_burden_score (60.3). Research prototype only. Not medical advice.,P0060
49.73833333333334,61.985,83.74185502698906,73.92857142857142,100.0,99.6295271449928,72.63,moderate,Overall category: moderate. Strongest component: device_bias_score (100.0). Weakest component: signal_quality_score (49.7). Research prototype only. Not medical advice.,P0061
61.99666666666667,56.291666666666664,87.7644499736672,71.5952380952381,100.0,90.58167879564975,74.11,moderate,Overall category: moderate. Strongest component: device_bias_score (100.0). Weakest component: artifact_burden_score (56.3). Research prototype only. Not medical advice.,P0062
70.26333333333334,64.15833333333333,89.9461193125543,75.47619047619048,100.0,71.42481113998811,76.85,moderate,Overall category: moderate. Strongest component: device_bias_score (100.0). Weakest component: artifact_burden_score (64.2). Research prototype only. Not medical advice.,P0063
74.84166666666668,68.39333333333333,84.4832834228698,78.5952380952381,100.0,76.61144033527142,78.74,moderate,Overall category: moderate. Strongest component: device_bias_score (100.0). Weakest component: artifact_burden_score (68.4). Research prototype only. Not medical advice.,P0064
51.02333333333334,46.27333333333333,86.77162091388828,40.45238095238095,100.0,99.66687667328632,65.4,moderate,Overall category: moderate. Strongest component: device_bias_score (100.0). Weakest component: missingness_risk_score (40.5). Research prototype only. Not medical advice.,P0065
42.446666666666665,50.046666666666674,87.74959397326528,66.92857142857143,100.0,87.4333277942314,66.95,moderate,Overall category: moderate. Strongest component: device_bias_score (100.0). Weakest component: signal_quality_score (42.4). Research prototype only. Not medical advice.,P0066
64.60166666666667,62.10333333333333,89.5838868868917,79.76190476190476,100.0,70.45583772727161,75.5,moderate,Overall category: moderate. Strongest component: device_bias_score (100.0). Weakest component: artifact_burden_score (62.1). Research prototype only. Not medical advice.,P0067
55.97666666666667,50.20333333333333,85.58510332734242,59.14285714285714,100.0,81.43556130102827,68.17,moderate,Overall category: moderate. Strongest component: device_bias_score (100.0). Weakest component: artifact_burden_score (50.2). Research prototype only. Not medical advice.,P0068
48.87166666666667,53.273333333333326,83.20494589458166,66.14285714285715,100.0,98.51191386783508,69.29,moderate,Overall category: moderate. Strongest component: device_bias_score (100.0). Weakest component: signal_quality_score (48.9). Research prototype only. Not medical advice.,P0069
53.50500000000002,61.26166666666667,87.27366325139452,84.42857142857143,100.0,75.30692167212968,73.28,moderate,Overall category: moderate. Strongest component: device_bias_score (100.0). Weakest component: signal_quality_score (53.5). Research prototype only. Not medical advice.,P0070
67.50333333333333,56.40500000000001,74.71591401166538,66.14285714285715,100.0,82.130312854813,71.23,moderate,Overall category: moderate. Strongest component: device_bias_score (100.0). Weakest component: artifact_burden_score (56.4). Research prototype only. Not medical advice.,P0071
74.41999999999999,62.295,84.809215048736,84.04761904761905,100.0,67.31951077560403,77.36,moderate,Overall category: moderate. Strongest component: device_bias_score (100.0). Weakest component: artifact_burden_score (62.3). Research prototype only. Not medical advice.,P0072
67.87666666666668,55.77333333333333,87.11953946870837,58.35714285714286,100.0,95.43510953227104,73.84,moderate,Overall category: moderate. Strongest component: device_bias_score (100.0). Weakest component: artifact_burden_score (55.8). Research prototype only. Not medical advice.,P0073
65.835,67.24499999999998,92.12460866031287,69.64285714285714,100.0,98.98631583828283,78.68,moderate,Overall category: moderate. Strongest component: device_bias_score (100.0). Weakest component: signal_quality_score (65.8). Research prototype only. Not medical advice.,P0074
66.80333333333334,62.760000000000005,88.62853325090168,79.76190476190476,100.0,98.58567244090925,78.8,moderate,Overall category: moderate. Strongest component: device_bias_score (100.0). Weakest component: artifact_burden_score (62.8). Research prototype only. Not medical advice.,P0075
66.16333333333331,71.37333333333333,83.63341195930298,79.76190476190476,100.0,98.02954588221067,79.31,moderate,Overall category: moderate. Strongest component: device_bias_score (100.0). Weakest component: signal_quality_score (66.2). Research prototype only. Not medical advice.,P0076
51.76,62.94500000000001,82.2897694400501,62.642857142857146,100.0,82.50257620400964,69.63,moderate,Overall category: moderate. Strongest component: device_bias_score (100.0). Weakest component: signal_quality_score (51.8). Research prototype only. Not medical advice.,P0077
57.45666666666668,55.665000000000006,86.18136158623592,71.97619047619048,100.0,90.41787762235082,72.57,moderate,Overall category: moderate. Strongest component: device_bias_score (100.0). Weakest component: artifact_burden_score (55.7). Research prototype only. Not medical advice.,P0078
51.015,48.911666666666676,86.80012083656094,51.35714285714287,100.0,70.69351774419647,64.67,moderate,Overall category: moderate. Strongest component: device_bias_score (100.0). Weakest component: artifact_burden_score (48.9). Research prototype only. Not medical advice.,P0079
58.96166666666666,49.736666666666665,86.05071471719994,59.14285714285714,100.0,70.65926242606635,67.84,moderate,Overall category: moderate. Strongest component: device_bias_score (100.0). Weakest component: artifact_burden_score (49.7). Research prototype only. Not medical advice.,P0080
59.86833333333333,62.395,79.81987046762451,72.76190476190476,100.0,71.35620708180561,71.46,moderate,Overall category: moderate. Strongest component: device_bias_score (100.0). Weakest component: signal_quality_score (59.9). Research prototype only. Not medical advice.,P0081
64.84166666666667,61.83833333333333,87.92826373087475,58.35714285714286,100.0,93.55907243477479,74.27,moderate,Overall category: moderate. Strongest component: device_bias_score (100.0). Weakest component: missingness_risk_score (58.4). Research prototype only. Not medical advice.,P0082
47.86,59.75833333333333,81.6766134331157,66.14285714285715,100.0,99.4708616330754,70.12,moderate,Overall category: moderate. Strongest component: device_bias_score (100.0). Weakest component: signal_quality_score (47.9). Research prototype only. Not medical advice.,P0083
48.95166666666667,57.48,82.17817420837643,64.97619047619048,100.0,99.08434896793804,69.82,moderate,Overall category: moderate. Strongest component: device_bias_score (100.0). Weakest component: signal_quality_score (49.0). Research prototype only. Not medical advice.,P0084
70.80499999999998,62.57,89.35493053427366,76.26190476190476,100.0,81.67957298589123,77.69,moderate,Overall category: moderate. Strongest component: device_bias_score (100.0). Weakest component: artifact_burden_score (62.6). Research prototype only. Not medical advice.,P0085
51.875000000000014,44.25666666666667,83.15193797080103,32.66666666666667,100.0,64.54235304575081,59.8,low,Overall category: low. Strongest component: device_bias_score (100.0). Weakest component: missingness_risk_score (32.7). Research prototype only. Not medical advice.,P0086
64.66333333333333,55.203333333333326,88.15687160888555,48.238095238095234,100.0,81.61986956502918,70.24,moderate,Overall category: moderate. Strongest component: device_bias_score (100.0). Weakest component: missingness_risk_score (48.2). Research prototype only. Not medical advice.,P0087
68.75166666666665,66.44833333333334,86.4693732029196,89.88095238095238,100.0,93.08103642561917,80.56,high,Overall category: high. Strongest component: device_bias_score (100.0). Weakest component: artifact_burden_score (66.4). Research prototype only. Not medical advice.,P0088
55.87333333333333,70.83333333333333,80.13861925002,82.0952380952381,100.0,61.92975777576917,72.67,moderate,Overall category: moderate. Strongest component: device_bias_score (100.0). Weakest component: signal_quality_score (55.9). Research prototype only. Not medical advice.,P0089
60.43166666666667,56.98666666666667,82.42068269500851,71.5952380952381,100.0,91.95195562840837,72.92,moderate,Overall category: moderate. Strongest component: device_bias_score (100.0). Weakest component: artifact_burden_score (57.0). Research prototype only. Not medical advice.,P0090
56.16666666666668,53.50333333333334,86.97625675840779,42.0,100.0,79.12001486775256,66.35,moderate,Overall category: moderate. Strongest component: device_bias_score (100.0). Weakest component: missingness_risk_score (42.0). Research prototype only. Not medical advice.,P0091
70.69333333333336,69.07666666666667,79.42163837705529,76.64285714285714,100.0,98.9569129185668,78.77,moderate,Overall category: moderate. Strongest component: device_bias_score (100.0). Weakest component: artifact_burden_score (69.1). Research prototype only. Not medical advice.,P0092
67.92166666666667,58.629999999999995,66.05140321937205,57.190476190476204,100.0,73.76720955547493,67.87,moderate,Overall category: moderate. Strongest component: device_bias_score (100.0). Weakest component: missingness_risk_score (57.2). Research prototype only. Not medical advice.,P0093
78.61333333333333,67.27666666666667,68.16163398640431,83.26190476190476,100.0,87.56261680293464,77.99,moderate,Overall category: moderate. Strongest component: device_bias_score (100.0). Weakest component: artifact_burden_score (67.3). Research prototype only. Not medical advice.,P0094
64.45166666666665,63.55666666666667,88.7470099345483,72.76190476190476,100.0,81.35529895104254,75.62,moderate,Overall category: moderate. Strongest component: device_bias_score (100.0). Weakest component: artifact_burden_score (63.6). Research prototype only. Not medical advice.,P0095
60.163333333333334,52.39666666666667,89.29371908492331,68.47619047619048,100.0,94.06727238823852,73.06,moderate,Overall category: moderate. Strongest component: device_bias_score (100.0). Weakest component: artifact_burden_score (52.4). Research prototype only. Not medical advice.,P0096
63.970000000000006,63.99999999999999,85.13946277136901,77.42857142857143,100.0,99.14945385283932,77.35,moderate,Overall category: moderate. Strongest component: device_bias_score (100.0). Weakest component: signal_quality_score (64.0). Research prototype only. Not medical advice.,P0097
74.94166666666668,63.76833333333334,89.6277154165951,70.80952380952381,100.0,91.80577413733005,79.22,moderate,Overall category: moderate. Strongest component: device_bias_score (100.0). Weakest component: artifact_burden_score (63.8). Research prototype only. Not medical advice.,P0098
74.67166666666665,75.89833333333334,82.40346615384125,85.21428571428572,100.0,88.38246942828195,81.95,high,Overall category: high. Strongest component: device_bias_score (100.0). Weakest component: signal_quality_score (74.7). Research prototype only. Not medical advice.,P0099
69.08166666666668,68.34833333333333,89.64599550872865,78.5952380952381,100.0,65.03649404368956,77.16,moderate,Overall category: moderate. Strongest component: device_bias_score (100.0). Weakest component: confounding_risk_score (65.0). Research prototype only. Not medical advice.,P0100
61.89499999999999,70.91666666666667,88.30589648742259,92.21428571428572,100.0,98.94048145413045,81.04,high,Overall category: high. Strongest component: device_bias_score (100.0). Weakest component: signal_quality_score (61.9). Research prototype only. Not medical advice.,P0101
59.22666666666666,57.23666666666667,81.41947624104712,57.97619047619047,100.0,55.373424421682174,66.77,moderate,Overall category: moderate. Strongest component: device_bias_score (100.0). Weakest component: confounding_risk_score (55.4). Research prototype only. Not medical advice.,P0102
58.41333333333334,49.135000000000005,86.85068543571226,62.642857142857146,100.0,59.42667465415141,67.14,moderate,Overall category: moderate. Strongest component: device_bias_score (100.0). Weakest component: artifact_burden_score (49.1). Research prototype only. Not medical advice.,P0103
57.66833333333333,63.211666666666666,87.27561284254631,75.09523809523809,100.0,61.26823953719172,71.91,moderate,Overall category: moderate. Strongest component: device_bias_score (100.0). Weakest component: signal_quality_score (57.7). Research prototype only. Not medical advice.,P0104
63.07500000000002,62.51,87.95263350227948,85.59523809523809,100.0,93.98328549997133,78.1,moderate,Overall category: moderate. Strongest component: device_bias_score (100.0). Weakest component: artifact_burden_score (62.5). Research prototype only. Not medical advice.,P0105
59.96833333333333,61.12500000000001,87.9680700291875,75.09523809523809,100.0,94.035383579295,75.48,moderate,Overall category: moderate. Strongest component: device_bias_score (100.0). Weakest component: signal_quality_score (60.0). Research prototype only. Not medical advice.,P0106
61.934999999999995,57.31666666666666,92.0104026980122,62.642857142857146,100.0,86.42756715680953,73.39,moderate,Overall category: moderate. Strongest component: device_bias_score (100.0). Weakest component: artifact_burden_score (57.3). Research prototype only. Not medical advice.,P0107
57.690000000000005,63.43,90.4776142831824,77.42857142857143,100.0,98.07936767207165,76.63,moderate,Overall category: moderate. Strongest component: device_bias_score (100.0). Weakest component: signal_quality_score (57.7). Research prototype only. Not medical advice.,P0108
56.838333333333324,57.336666666666666,88.82066246884114,56.02380952380953,100.0,66.88959399567513,68.53,moderate,Overall category: moderate. Strongest component: device_bias_score (100.0). Weakest component: missingness_risk_score (56.0). Research prototype only. Not medical advice.,P0109
50.193333333333335,47.61166666666665,91.41578210606053,51.73809523809524,100.0,87.58292383757207,66.87,moderate,Overall category: moderate. Strongest component: device_bias_score (100.0). Weakest component: artifact_burden_score (47.6). Research prototype only. Not medical advice.,P0110
73.985,67.64666666666666,88.11500173132352,52.90476190476191,100.0,83.14363590666173,75.9,moderate,Overall category: moderate. Strongest component: device_bias_score (100.0). Weakest component: missingness_risk_score (52.9). Research prototype only. Not medical advice.,P0111
71.92999999999999,71.26666666666665,90.63867159765665,67.6904761904762,100.0,94.12191199961205,79.93,moderate,Overall category: moderate. Strongest component: device_bias_score (100.0). Weakest component: missingness_risk_score (67.7). Research prototype only. Not medical advice.,P0112
53.411666666666655,53.08333333333333,85.19936800018509,46.69047619047619,100.0,87.26476460909917,66.74,moderate,Overall category: moderate. Strongest component: device_bias_score (100.0). Weakest component: missingness_risk_score (46.7). Research prototype only. Not medical advice.,P0113
58.92666666666667,47.42166666666666,84.52570015644886,30.33333333333334,100.0,91.31917349806959,64.8,moderate,Overall category: moderate. Strongest component: device_bias_score (100.0). Weakest component: missingness_risk_score (30.3). Research prototype only. Not medical advice.,P0114
47.14833333333333,45.128333333333316,83.52154201086871,29.166666666666668,100.0,82.70316852296766,60.16,moderate,Overall category: moderate. Strongest component: device_bias_score (100.0). Weakest component: missingness_risk_score (29.2). Research prototype only. Not medical advice.,P0115
68.18833333333333,64.73166666666667,90.13390569272181,88.71428571428572,100.0,88.30123571566372,80.16,high,Overall category: high. Strongest component: device_bias_score (100.0). Weakest component: artifact_burden_score (64.7). Research prototype only. Not medical advice.,P0116
61.566666666666656,68.04,88.65339515825512,71.19047619047619,100.0,86.69993861051462,76.08,moderate,Overall category: moderate. Strongest component: device_bias_score (100.0). Weakest component: signal_quality_score (61.6). Research prototype only. Not medical advice.,P0117
59.84,60.148333333333326,85.12828147209893,85.21428571428572,100.0,78.48907656580333,74.65,moderate,Overall category: moderate. Strongest component: device_bias_score (100.0). Weakest component: signal_quality_score (59.8). Research prototype only. Not medical advice.,P0118
42.693333333333335,51.06,89.58048842063918,62.642857142857146,100.0,98.4220939442017,68.04,moderate,Overall category: moderate. Strongest component: device_bias_score (100.0). Weakest component: signal_quality_score (42.7). Research prototype only. Not medical advice.,P0119
57.64999999999999,53.565,85.3577898134466,53.69047619047619,100.0,96.4156415917991,69.89,moderate,Overall category: moderate. Strongest component: device_bias_score (100.0). Weakest component: artifact_burden_score (53.6). Research prototype only. Not medical advice.,P0120
67.17500000000001,60.325,89.64948853652523,87.54761904761905,100.0,91.45086378072101,79.07,moderate,Overall category: moderate. Strongest component: device_bias_score (100.0). Weakest component: artifact_burden_score (60.3). Research prototype only. Not medical advice.,P0121
66.00333333333332,65.58833333333332,85.78853084751275,86.3809523809524,100.0,94.56188631191614,79.19,moderate,Overall category: moderate. Strongest component: device_bias_score (100.0). Weakest component: artifact_burden_score (65.6). Research prototype only. Not medical advice.,P0122
70.03666666666668,67.07000000000001,84.71518585957698,85.21428571428572,100.0,89.76367545287218,79.62,moderate,Overall category: moderate. Strongest component: device_bias_score (100.0). Weakest component: artifact_burden_score (67.1). Research prototype only. Not medical advice.,P0123
63.02833333333333,64.91166666666666,88.82588224523235,88.71428571428572,100.0,94.61722047029417,79.27,moderate,Overall category: moderate. Strongest component: device_bias_score (100.0). Weakest component: signal_quality_score (63.0). Research prototype only. Not medical advice.,P0124
48.38000000000001,47.14166666666667,84.15973474937137,32.28571428571429,100.0,97.90334970633377,62.99,moderate,Overall category: moderate. Strongest component: device_bias_score (100.0). Weakest component: missingness_risk_score (32.3). Research prototype only. Not medical advice.,P0125
64.71333333333332,63.515,88.71996831780119,77.42857142857143,100.0,77.53995302127596,75.99,moderate,Overall category: moderate. Strongest component: device_bias_score (100.0). Weakest component: artifact_burden_score (63.5). Research prototype only. Not medical advice.,P0126
47.533333333333324,52.278333333333336,85.02389160058532,71.5952380952381,100.0,91.80025421699283,69.26,moderate,Overall category: moderate. Strongest component: device_bias_score (100.0). Weakest component: signal_quality_score (47.5). Research prototype only. Not medical advice.,P0127
58.59833333333332,60.266666666666666,86.19777074337041,30.33333333333334,100.0,85.0659336981571,67.0,moderate,Overall category: moderate. Strongest component: device_bias_score (100.0). Weakest component: missingness_risk_score (30.3). Research prototype only. Not medical advice.,P0128
66.22166666666665,62.26666666666667,89.04432851559135,46.285714285714285,100.0,79.76943302874055,71.74,moderate,Overall category: moderate. Strongest component: device_bias_score (100.0). Weakest component: missingness_risk_score (46.3). Research prototype only. Not medical advice.,P0129
66.59833333333334,71.30666666666666,80.57728086425787,80.92857142857143,100.0,88.59049853035692,78.02,moderate,Overall category: moderate. Strongest component: device_bias_score (100.0). Weakest component: signal_quality_score (66.6). Research prototype only. Not medical advice.,P0130
60.55499999999998,63.37166666666667,74.23905718802975,68.47619047619048,100.0,65.47125815406064,69.48,moderate,Overall category: moderate. Strongest component: device_bias_score (100.0). Weakest component: signal_quality_score (60.6). Research prototype only. Not medical advice.,P0131
46.33,56.05,88.24129778239839,54.85714285714286,100.0,80.62924867476873,66.73,moderate,Overall category: moderate. Strongest component: device_bias_score (100.0). Weakest component: signal_quality_score (46.3). Research prototype only. Not medical advice.,P0132
65.98000000000002,57.47833333333333,83.21389425116305,50.976190476190474,100.0,90.74484417071905,71.35,moderate,Overall category: moderate. Strongest component: device_bias_score (100.0). Weakest component: missingness_risk_score (51.0). Research prototype only. Not medical advice.,P0133
65.34833333333334,61.431666666666665,85.96981070271393,58.35714285714286,100.0,95.67514554036526,74.14,moderate,Overall category: moderate. Strongest component: device_bias_score (100.0). Weakest component: missingness_risk_score (58.4). Research prototype only. Not medical advice.,P0134
69.28,74.01166666666667,90.86067977207477,91.04761904761905,100.0,95.4190324148563,83.49,high,Overall category: high. Strongest component: device_bias_score (100.0). Weakest component: signal_quality_score (69.3). Research prototype only. Not medical advice.,P0135
50.33833333333333,48.153333333333336,75.11328239004446,73.92857142857142,100.0,70.96021128636174,65.42,moderate,Overall category: moderate. Strongest component: device_bias_score (100.0). Weakest component: artifact_burden_score (48.2). Research prototype only. Not medical advice.,P0136
67.025,59.40166666666668,83.17828635729644,86.76190476190476,100.0,96.52452420297408,77.94,moderate,Overall category: moderate. Strongest component: device_bias_score (100.0). Weakest component: artifact_burden_score (59.4). Research prototype only. Not medical advice.,P0137
58.80833333333334,59.15333333333332,86.86316701592942,62.642857142857146,100.0,71.93550627177483,70.5,moderate,Overall category: moderate. Strongest component: device_bias_score (100.0). Weakest component: signal_quality_score (58.8). Research prototype only. Not medical advice.,P0138
62.22333333333334,53.37499999999999,86.35056965283934,44.738095238095234,100.0,91.94277778079781,69.41,moderate,Overall category: moderate. Strongest component: device_bias_score (100.0). Weakest component: missingness_risk_score (44.7). Research prototype only. Not medical advice.,P0139
66.42666666666666,64.82,83.65225871682618,63.80952380952382,100.0,84.75138822787204,74.35,moderate,Overall category: moderate. Strongest component: device_bias_score (100.0). Weakest component: missingness_risk_score (63.8). Research prototype only. Not medical advice.,P0140
73.21833333333333,67.595,80.65838142251387,62.642857142857146,100.0,55.02564958289356,72.85,moderate,Overall category: moderate. Strongest component: device_bias_score (100.0). Weakest component: confounding_risk_score (55.0). Research prototype only. Not medical advice.,P0141
73.72000000000001,66.70833333333333,85.90223509546004,82.0952380952381,100.0,72.24342600411606,78.49,moderate,Overall category: moderate. Strongest component: device_bias_score (100.0). Weakest component: artifact_burden_score (66.7). Research prototype only. Not medical advice.,P0142
58.36666666666665,63.97333333333333,85.24057359855807,61.85714285714287,100.0,88.71475973574108,72.58,moderate,Overall category: moderate. Strongest component: device_bias_score (100.0). Weakest component: signal_quality_score (58.4). Research prototype only. Not medical advice.,P0143
67.29333333333332,64.19333333333333,81.51200625761433,82.0952380952381,100.0,84.6715558669423,76.75,moderate,Overall category: moderate. Strongest component: device_bias_score (100.0). Weakest component: artifact_burden_score (64.2). Research prototype only. Not medical advice.,P0144
57.28333333333333,72.18,74.4168034083414,78.5952380952381,100.0,59.98869695474157,71.43,moderate,Overall category: moderate. Strongest component: device_bias_score (100.0). Weakest component: signal_quality_score (57.3). Research prototype only. Not medical advice.,P0145
71.84000000000002,67.795,87.1257779455517,71.97619047619048,100.0,88.89192060336781,78.63,moderate,Overall category: moderate. Strongest component: device_bias_score (100.0). Weakest component: artifact_burden_score (67.8). Research prototype only. Not medical advice.,P0146
58.04666666666666,55.06166666666667,87.02572305768065,42.0,100.0,97.35086406111697,68.96,moderate,Overall category: moderate. Strongest component: device_bias_score (100.0). Weakest component: missingness_risk_score (42.0). Research prototype only. Not medical advice.,P0147
51.35166666666666,58.27333333333333,88.11408463547463,66.14285714285715,100.0,70.39856519976735,69.08,moderate,Overall category: moderate. Strongest component: device_bias_score (100.0). Weakest component: signal_quality_score (51.4). Research prototype only. Not medical advice.,P0148
66.115,59.03833333333333,89.31170353583786,72.76190476190476,100.0,83.73482524909203,75.49,moderate,Overall category: moderate. Strongest component: device_bias_score (100.0). Weakest component: artifact_burden_score (59.0). Research prototype only. Not medical advice.,P0149
64.56,62.49666666666667,91.11063799491514,54.85714285714286,100.0,81.4107599224944,73.23,moderate,Overall category: moderate. Strongest component: device_bias_score (100.0). Weakest component: missingness_risk_score (54.9). Research prototype only. Not medical advice.,P0150
59.65333333333332,57.053333333333335,86.57856962732555,68.47619047619048,100.0,74.13095837211652,71.32,moderate,Overall category: moderate. Strongest component: device_bias_score (100.0). Weakest component: artifact_burden_score (57.1). Research prototype only. Not medical advice.,P0151
62.523333333333355,65.37833333333334,87.16390068310336,73.92857142857142,100.0,56.01109723068938,72.83,moderate,Overall category: moderate. Strongest component: device_bias_score (100.0). Weakest component: confounding_risk_score (56.0). Research prototype only. Not medical advice.,P0152
44.98833333333333,49.97333333333332,86.11086129307928,51.35714285714287,100.0,87.88113468505207,64.96,moderate,Overall category: moderate. Strongest component: device_bias_score (100.0). Weakest component: signal_quality_score (45.0). Research prototype only. Not medical advice.,P0153
64.84166666666667,65.93833333333335,74.3886482240129,80.92857142857143,100.0,82.53938745593847,74.67,moderate,Overall category: moderate. Strongest component: device_bias_score (100.0). Weakest component: signal_quality_score (64.8). Research prototype only. Not medical advice.,P0154
65.89499999999998,71.05666666666667,88.53805294423613,80.92857142857143,100.0,98.61483245008384,80.39,high,Overall category: high. Strongest component: device_bias_score (100.0). Weakest component: signal_quality_score (65.9). Research prototype only. Not medical advice.,P0155
66.91666666666669,56.45333333333333,87.16054482765824,48.238095238095234,100.0,66.78387970491953,69.37,moderate,Overall category: moderate. Strongest component: device_bias_score (100.0). Weakest component: missingness_risk_score (48.2). Research prototype only. Not medical advice.,P0156
62.56666666666665,55.625,82.9828492533069,62.642857142857146,100.0,87.89996234954943,71.55,moderate,Overall category: moderate. Strongest component: device_bias_score (100.0). Weakest component: artifact_burden_score (55.6). Research prototype only. Not medical advice.,P0157
58.62,56.02333333333333,77.69512961008063,72.76190476190476,100.0,61.72253291195398,68.49,moderate,Overall category: moderate. Strongest component: device_bias_score (100.0). Weakest component: artifact_burden_score (56.0). Research prototype only. Not medical advice.,P0158
69.90666666666668,69.36333333333333,83.92498115640737,84.42857142857143,100.0,96.9465067996649,80.49,high,Overall category: high. Strongest component: device_bias_score (100.0). Weakest component: artifact_burden_score (69.4). Research prototype only. Not medical advice.,P0159
64.50833333333334,55.775,79.05002209525891,78.5952380952381,100.0,89.87833661815571,73.87,moderate,Overall category: moderate. Strongest component: device_bias_score (100.0). Weakest component: artifact_burden_score (55.8). Research prototype only. Not medical advice.,P0160
62.31333333333333,53.56833333333333,86.67426364323754,63.80952380952382,100.0,82.92098135150054,71.49,moderate,Overall category: moderate. Strongest component: device_bias_score (100.0). Weakest component: artifact_burden_score (53.6). Research prototype only. Not medical advice.,P0161
62.67166666666666,62.805,88.18288143211421,69.64285714285714,100.0,82.67754139475225,74.58,moderate,Overall category: moderate. Strongest component: device_bias_score (100.0). Weakest component: signal_quality_score (62.7). Research prototype only. Not medical advice.,P0162
61.021666666666654,60.138333333333335,82.6774850700035,78.5952380952381,100.0,79.1085086514342,73.52,moderate,Overall category: moderate. Strongest component: device_bias_score (100.0). Weakest component: artifact_burden_score (60.1). Research prototype only. Not medical advice.,P0163
50.721666666666664,45.00166666666667,78.50311986284251,45.11904761904761,100.0,80.15462523836229,62.16,moderate,Overall category: moderate. Strongest component: device_bias_score (100.0). Weakest component: artifact_burden_score (45.0). Research prototype only. Not medical advice.,P0164
71.325,60.10333333333333,90.74733423624757,84.42857142857143,100.0,92.20089535337048,79.89,moderate,Overall category: moderate. Strongest component: device_bias_score (100.0). Weakest component: artifact_burden_score (60.1). Research prototype only. Not medical advice.,P0165
66.32666666666668,66.10666666666667,81.55117553967493,61.85714285714287,100.0,87.92271293149699,74.18,moderate,Overall category: moderate. Strongest component: device_bias_score (100.0). Weakest component: missingness_risk_score (61.9). Research prototype only. Not medical advice.,P0166
64.19833333333334,60.52833333333333,82.17930620728943,54.85714285714286,100.0,91.13349137813913,71.93,moderate,Overall category: moderate. Strongest component: device_bias_score (100.0). Weakest component: missingness_risk_score (54.9). Research prototype only. Not medical advice.,P0167
58.82666666666666,55.35166666666667,86.35049702527394,77.42857142857143,100.0,83.44571261031201,73.01,moderate,Overall category: moderate. Strongest component: device_bias_score (100.0). Weakest component: artifact_burden_score (55.4). Research prototype only. Not medical advice.,P0168
48.99666666666667,55.29333333333333,88.06807546273804,40.07142857142857,100.0,90.60916413061389,65.99,moderate,Overall category: moderate. Strongest component: device_bias_score (100.0). Weakest component: missingness_risk_score (40.1). Research prototype only. Not medical advice.,P0169
68.07,68.06833333333333,91.57313787878769,67.30952380952382,100.0,91.60256093299408,78.2,moderate,Overall category: moderate. Strongest component: device_bias_score (100.0). Weakest component: missingness_risk_score (67.3). Research prototype only. Not medical advice.,P0170
71.14499999999998,66.66333333333334,86.91064666714905,82.8809523809524,100.0,92.94230835144175,80.23,high,Overall category: high. Strongest component: device_bias_score (100.0). Weakest component: artifact_burden_score (66.7). Research prototype only. Not medical advice.,P0171
66.96166666666666,60.635000000000005,80.17093837714204,78.5952380952381,100.0,79.35706253856199,74.63,moderate,Overall category: moderate. Strongest component: device_bias_score (100.0). Weakest component: artifact_burden_score (60.6). Research prototype only. Not medical advice.,P0172
67.455,55.49333333333334,91.39886637969379,56.02380952380953,100.0,95.92689544908994,74.24,moderate,Overall category: moderate. Strongest component: device_bias_score (100.0). Weakest component: artifact_burden_score (55.5). Research prototype only. Not medical advice.,P0173
63.83,64.47500000000002,83.70250782542693,72.76190476190476,100.0,81.18285120806419,74.63,moderate,Overall category: moderate. Strongest component: device_bias_score (100.0). Weakest component: signal_quality_score (63.8). Research prototype only. Not medical advice.,P0174
65.78833333333336,63.25333333333333,89.74729206548417,63.02380952380954,100.0,93.18283467425789,75.82,moderate,Overall category: moderate. Strongest component: device_bias_score (100.0). Weakest component: missingness_risk_score (63.0). Research prototype only. Not medical advice.,P0175
71.31500000000001,68.255,80.0547643232836,77.42857142857143,100.0,90.60008141620696,78.16,moderate,Overall category: moderate. Strongest component: device_bias_score (100.0). Weakest component: artifact_burden_score (68.3). Research prototype only. Not medical advice.,P0176
73.00833333333333,67.07833333333333,82.24459633179121,65.35714285714286,100.0,85.69793273737041,76.49,moderate,Overall category: moderate. Strongest component: device_bias_score (100.0). Weakest component: missingness_risk_score (65.4). Research prototype only. Not medical advice.,P0177
49.651666666666664,47.068333333333335,89.40951111105511,72.76190476190476,100.0,99.04743160389494,70.53,moderate,Overall category: moderate. Strongest component: device_bias_score (100.0). Weakest component: artifact_burden_score (47.1). Research prototype only. Not medical advice.,P0178
64.65999999999998,55.91166666666666,86.39896625380706,63.80952380952382,100.0,87.15589271022725,72.91,moderate,Overall category: moderate. Strongest component: device_bias_score (100.0). Weakest component: artifact_burden_score (55.9). Research prototype only. Not medical advice.,P0179
63.13166666666666,57.141666666666666,82.24081606354903,70.80952380952381,100.0,68.10860542286565,71.09,moderate,Overall category: moderate. Strongest component: device_bias_score (100.0). Weakest component: artifact_burden_score (57.1). Research prototype only. Not medical advice.,P0180
64.47333333333333,57.68500000000001,82.77324283670787,50.1904761904762,100.0,56.54058856507772,67.39,moderate,Overall category: moderate. Strongest component: device_bias_score (100.0). Weakest component: missingness_risk_score (50.2). Research prototype only. Not medical advice.,P0181
58.441666666666656,58.425000000000004,86.55965426120477,58.35714285714286,100.0,92.73761053144601,71.63,moderate,Overall category: moderate. Strongest component: device_bias_score (100.0). Weakest component: missingness_risk_score (58.4). Research prototype only. Not medical advice.,P0182
70.86333333333332,65.77833333333334,89.73286999872741,72.76190476190476,100.0,91.27666084618976,78.86,moderate,Overall category: moderate. Strongest component: device_bias_score (100.0). Weakest component: artifact_burden_score (65.8). Research prototype only. Not medical advice.,P0183
75.88833333333332,75.55166666666668,90.98238063898195,75.47619047619048,100.0,95.3374519021075,83.13,high,Overall category: high. Strongest component: device_bias_score (100.0). Weakest component: missingness_risk_score (75.5). Research prototype only. Not medical advice.,P0184
63.08333333333335,63.779999999999994,90.89268447480545,48.61904761904763,100.0,94.8965082424645,73.49,moderate,Overall category: moderate. Strongest component: device_bias_score (100.0). Weakest component: missingness_risk_score (48.6). Research prototype only. Not medical advice.,P0185
59.93166666666667,68.45166666666667,89.49784966835759,72.76190476190476,100.0,87.16553888535547,76.2,moderate,Overall category: moderate. Strongest component: device_bias_score (100.0). Weakest component: signal_quality_score (59.9). Research prototype only. Not medical advice.,P0186
65.23666666666666,73.055,89.83195334317588,77.42857142857143,100.0,74.12794426611701,77.91,moderate,Overall category: moderate. Strongest component: device_bias_score (100.0). Weakest component: signal_quality_score (65.2). Research prototype only. Not medical advice.,P0187
65.81833333333334,67.50166666666667,88.72947756663855,69.64285714285714,100.0,93.15069047560085,77.46,moderate,Overall category: moderate. Strongest component: device_bias_score (100.0). Weakest component: signal_quality_score (65.8). Research prototype only. Not medical advice.,P0188
52.535,48.035,77.3919076568441,55.64285714285715,100.0,73.43360517017821,63.91,moderate,Overall category: moderate. Strongest component: device_bias_score (100.0). Weakest component: artifact_burden_score (48.0). Research prototype only. Not medical advice.,P0189
56.908333333333324,60.94833333333334,89.58021972040231,79.38095238095238,100.0,85.24407487734187,74.76,moderate,Overall category: moderate. Strongest component: device_bias_score (100.0). Weakest component: signal_quality_score (56.9). Research prototype only. Not medical advice.,P0190
52.15666666666665,60.65166666666667,86.6523546880702,79.76190476190476,100.0,95.99153359612377,74.06,moderate,Overall category: moderate. Strongest component: device_bias_score (100.0). Weakest component: signal_quality_score (52.2). Research prototype only. Not medical advice.,P0191
53.03500000000001,59.61333333333333,88.07989011103415,72.76190476190476,100.0,94.10466354540584,73.12,moderate,Overall category: moderate. Strongest component: device_bias_score (100.0). Weakest component: signal_quality_score (53.0). Research prototype only. Not medical advice.,P0192
52.083333333333336,61.29166666666668,81.52012476553504,80.92857142857143,100.0,79.57210441205098,71.68,moderate,Overall category: moderate. Strongest component: device_bias_score (100.0). Weakest component: signal_quality_score (52.1). Research prototype only. Not medical advice.,P0193
59.30333333333334,68.37166666666667,87.13264641295379,78.5952380952381,100.0,99.60560070438788,77.68,moderate,Overall category: moderate. Strongest component: device_bias_score (100.0). Weakest component: signal_quality_score (59.3). Research prototype only. Not medical advice.,P0194
43.83166666666666,45.53999999999999,88.26185317398479,29.166666666666668,100.0,68.90411492844775,58.98,low,Overall category: low. Strongest component: device_bias_score (100.0). Weakest component: missingness_risk_score (29.2). Research prototype only. Not medical advice.,P0195
51.65833333333333,55.08333333333333,86.85222131273598,64.97619047619048,100.0,78.01204110590787,68.85,moderate,Overall category: moderate. Strongest component: device_bias_score (100.0). Weakest component: signal_quality_score (51.7). Research prototype only. Not medical advice.,P0196
60.13999999999999,59.82333333333334,85.71547077910806,54.07142857142857,100.0,82.64986186089237,70.52,moderate,Overall category: moderate. Strongest component: device_bias_score (100.0). Weakest component: missingness_risk_score (54.1). Research prototype only. Not medical advice.,P0197
69.56000000000002,60.026666666666664,84.59405656849216,76.26190476190476,100.0,81.8349093492568,75.94,moderate,Overall category: moderate. Strongest component: device_bias_score (100.0). Weakest component: artifact_burden_score (60.0). Research prototype only. Not medical advice.,P0198
64.88499999999999,65.79166666666667,87.99036046947256,83.26190476190476,100.0,83.62384082536268,77.83,moderate,Overall category: moderate. Strongest component: device_bias_score (100.0). Weakest component: signal_quality_score (64.9). Research prototype only. Not medical advice.,P0199
61.50499999999999,67.64333333333333,87.09447028150676,78.5952380952381,100.0,84.53966563184484,76.57,moderate,Overall category: moderate. Strongest component: device_bias_score (100.0). Weakest component: signal_quality_score (61.5). Research prototype only. Not medical advice.,P0200
74.72166666666666,67.855,90.48839583722817,65.35714285714286,100.0,90.63084553938482,79.22,moderate,Overall category: moderate. Strongest component: device_bias_score (100.0). Weakest component: missingness_risk_score (65.4). Research prototype only. Not medical advice.,P0201
53.09333333333333,54.528333333333336,91.20547317828752,35.785714285714285,100.0,87.87969754844266,66.58,moderate,Overall category: moderate. Strongest component: device_bias_score (100.0). Weakest component: missingness_risk_score (35.8). Research prototype only. Not medical advice.,P0202
55.175,62.67666666666667,91.62435372589935,71.97619047619048,100.0,95.72387265041151,75.02,moderate,Overall category: moderate. Strongest component: device_bias_score (100.0). Weakest component: signal_quality_score (55.2). Research prototype only. Not medical advice.,P0203
45.44166666666668,53.12166666666667,84.8570440983914,52.523809523809526,100.0,71.1602031359563,63.95,moderate,Overall category: moderate. Strongest component: device_bias_score (100.0). Weakest component: signal_quality_score (45.4). Research prototype only. Not medical advice.,P0204
67.99666666666666,66.11666666666667,87.09992016382785,78.5952380952381,100.0,74.3986872158059,76.87,moderate,Overall category: moderate. Strongest component: device_bias_score (100.0). Weakest component: artifact_burden_score (66.1). Research prototype only. Not medical advice.,P0205
60.355000000000004,56.181666666666665,78.63543656197919,47.452380952380956,100.0,85.92544650978299,67.76,moderate,Overall category: moderate. Strongest component: device_bias_score (100.0). Weakest component: missingness_risk_score (47.5). Research prototype only. Not medical advice.,P0206
66.72166666666666,63.10333333333333,87.69575494132332,88.71428571428572,100.0,77.81713449596283,77.93,moderate,Overall category: moderate. Strongest component: device_bias_score (100.0). Weakest component: artifact_burden_score (63.1). Research prototype only. Not medical advice.,P0207
54.97333333333334,54.43833333333332,89.60433761026628,60.30952380952381,100.0,99.4241515584257,71.54,moderate,Overall category: moderate. Strongest component: device_bias_score (100.0). Weakest component: artifact_burden_score (54.4). Research prototype only. Not medical advice.,P0208
54.40666666666666,58.815,90.95487874367907,86.3809523809524,100.0,72.49914929014906,73.76,moderate,Overall category: moderate. Strongest component: device_bias_score (100.0). Weakest component: signal_quality_score (54.4). Research prototype only. Not medical advice.,P0209
56.56166666666667,62.00333333333333,86.31136483186337,91.04761904761905,100.0,93.92049809298398,76.85,moderate,Overall category: moderate. Strongest component: device_bias_score (100.0). Weakest component: signal_quality_score (56.6). Research prototype only. Not medical advice.,P0210
61.786666666666655,73.13000000000001,90.37577934546871,88.71428571428572,100.0,95.92822686302792,81.05,high,Overall category: high. Strongest component: device_bias_score (100.0). Weakest component: signal_quality_score (61.8). Research prototype only. Not medical advice.,P0211
58.04666666666667,50.50333333333332,82.6995105077853,64.97619047619048,100.0,95.01980362246105,70.4,moderate,Overall category: moderate. Strongest component: device_bias_score (100.0). Weakest component: artifact_burden_score (50.5). Research prototype only. Not medical advice.,P0212
70.53833333333334,65.21,87.33208401368312,69.64285714285714,100.0,86.38122747156348,77.23,moderate,Overall category: moderate. Strongest component: device_bias_score (100.0). Weakest component: artifact_burden_score (65.2). Research prototype only. Not medical advice.,P0213
68.69333333333333,61.885,89.51106788438054,85.59523809523809,100.0,76.83123266345451,77.97,moderate,Overall category: moderate. Strongest component: device_bias_score (100.0). Weakest component: artifact_burden_score (61.9). Research prototype only. Not medical advice.,P0214
56.495000000000005,57.935,84.00113400396198,44.33333333333334,100.0,74.16504987976165,66.58,moderate,Overall category: moderate. Strongest component: device_bias_score (100.0). Weakest component: missingness_risk_score (44.3). Research prototype only. Not medical advice.,P0215
54.58166666666667,61.486666666666665,84.20423715220574,66.14285714285715,100.0,89.35168005509091,71.64,moderate,Overall category: moderate. Strongest component: device_bias_score (100.0). Weakest component: signal_quality_score (54.6). Research prototype only. Not medical advice.,P0216
83.70166666666667,76.56,82.98231343383205,84.42857142857143,100.0,80.22067075822255,83.52,high,Overall category: high. Strongest component: device_bias_score (100.0). Weakest component: artifact_burden_score (76.6). Research prototype only. Not medical advice.,P0217
67.06166666666665,64.19,91.01944660635928,77.42857142857143,100.0,96.955908550088,79.12,moderate,Overall category: moderate. Strongest component: device_bias_score (100.0). Weakest component: artifact_burden_score (64.2). Research prototype only. Not medical advice.,P0218
67.47500000000001,68.54333333333334,53.29716822319245,64.1904761904762,100.0,78.46987881659489,68.71,moderate,Overall category: moderate. Strongest component: device_bias_score (100.0). Weakest component: temporal_stability_score (53.3). Research prototype only. Not medical advice.,P0219
66.22500000000001,56.684999999999995,69.64920679748612,69.64285714285714,100.0,93.43048063241709,71.61,moderate,Overall category: moderate. Strongest component: device_bias_score (100.0). Weakest component: artifact_burden_score (56.7). Research prototype only. Not medical advice.,P0220
71.21666666666667,58.348333333333336,90.58661311676258,80.92857142857143,100.0,73.31534992007461,77.06,moderate,Overall category: moderate. Strongest component: device_bias_score (100.0). Weakest component: artifact_burden_score (58.3). Research prototype only. Not medical advice.,P0221
72.31166666666665,70.18166666666667,86.55326587167119,80.92857142857143,100.0,67.9273347554689,78.36,moderate,Overall category: moderate. Strongest component: device_bias_score (100.0). Weakest component: confounding_risk_score (67.9). Research prototype only. Not medical advice.,P0222
60.31333333333334,66.89833333333333,87.2692513149945,88.71428571428572,100.0,99.39093570803242,79.16,moderate,Overall category: moderate. Strongest component: device_bias_score (100.0). Weakest component: signal_quality_score (60.3). Research prototype only. Not medical advice.,P0223
81.145,68.11333333333334,85.97763744524617,79.76190476190476,100.0,84.76214313579756,81.54,high,Overall category: high. Strongest component: device_bias_score (100.0). Weakest component: artifact_burden_score (68.1). Research prototype only. Not medical advice.,P0224
69.06666666666665,70.00999999999999,90.03159407228561,78.97619047619048,100.0,79.15427344031036,79.04,moderate,Overall category: moderate. Strongest component: device_bias_score (100.0). Weakest component: signal_quality_score (69.1). Research prototype only. Not medical advice.,P0225
67.85666666666668,65.10499999999999,84.7190796886981,85.59523809523809,100.0,90.59465944421538,78.83,moderate,Overall category: moderate. Strongest component: device_bias_score (100.0). Weakest component: artifact_burden_score (65.1). Research prototype only. Not medical advice.,P0226
73.70833333333331,69.86666666666667,89.30903249646418,91.04761904761905,100.0,95.87974693654176,83.51,high,Overall category: high. Strongest component: device_bias_score (100.0). Weakest component: artifact_burden_score (69.9). Research prototype only. Not medical advice.,P0227
63.82,51.879999999999995,82.69886961023862,70.42857142857143,100.0,88.61893912397791,72.3,moderate,Overall category: moderate. Strongest component: device_bias_score (100.0). Weakest component: artifact_burden_score (51.9). Research prototype only. Not medical advice.,P0228
68.1,64.61833333333334,86.2812321188275,76.26190476190476,100.0,90.23266809844664,77.67,moderate,Overall category: moderate. Strongest component: device_bias_score (100.0). Weakest component: artifact_burden_score (64.6). Research prototype only. Not medical advice.,P0229
67.42666666666668,52.269999999999996,92.37607885138448,59.52380952380953,100.0,85.19172451898595,73.23,moderate,Overall category: moderate. Strongest component: device_bias_score (100.0). Weakest component: artifact_burden_score (52.3). Research prototype only. Not medical advice.,P0230
55.80666666666666,63.55333333333334,87.31937274288745,71.19047619047619,100.0,68.54081668629415,71.66,moderate,Overall category: moderate. Strongest component: device_bias_score (100.0). Weakest component: signal_quality_score (55.8). Research prototype only. Not medical advice.,P0231
62.196666666666665,48.778333333333336,85.19223679161723,51.35714285714287,100.0,90.54367294248877,69.1,moderate,Overall category: moderate. Strongest component: device_bias_score (100.0). Weakest component: artifact_burden_score (48.8). Research prototype only. Not medical advice.,P0232
61.19,66.42000000000002,86.85167414163526,82.8809523809524,100.0,84.26332571481228,76.81,moderate,Overall category: moderate. Strongest component: device_bias_score (100.0). Weakest component: signal_quality_score (61.2). Research prototype only. Not medical advice.,P0233
66.01833333333335,64.04666666666667,88.89294267001898,76.26190476190476,100.0,96.76516571196065,78.21,moderate,Overall category: moderate. Strongest component: device_bias_score (100.0). Weakest component: artifact_burden_score (64.0). Research prototype only. Not medical advice.,P0234
63.32333333333333,58.51499999999999,75.8946617457911,58.35714285714286,100.0,65.52809088807432,68.02,moderate,Overall category: moderate. Strongest component: device_bias_score (100.0). Weakest component: missingness_risk_score (58.4). Research prototype only. Not medical advice.,P0235
75.32000000000001,69.16333333333333,84.06182086513533,79.76190476190476,100.0,85.97331179932033,80.04,high,Overall category: high. Strongest component: device_bias_score (100.0). Weakest component: artifact_burden_score (69.2). Research prototype only. Not medical advice.,P0236
58.029999999999994,64.09500000000001,78.19194880243153,88.71428571428572,100.0,86.30522673890391,74.9,moderate,Overall category: moderate. Strongest component: device_bias_score (100.0). Weakest component: signal_quality_score (58.0). Research prototype only. Not medical advice.,P0237
71.415,59.421666666666674,92.08300840158834,72.76190476190476,100.0,83.79905809907653,77.45,moderate,Overall category: moderate. Strongest component: device_bias_score (100.0). Weakest component: artifact_burden_score (59.4). Research prototype only. Not medical advice.,P0238
67.39999999999999,63.67666666666667,88.76000269751604,87.54761904761905,100.0,81.82034482969725,78.65,moderate,Overall category: moderate. Strongest component: device_bias_score (100.0). Weakest component: artifact_burden_score (63.7). Research prototype only. Not medical advice.,P0239
43.76166666666668,39.28333333333334,82.6149295647518,24.500000000000004,100.0,88.67697322936738,57.86,low,Overall category: low. Strongest component: device_bias_score (100.0). Weakest component: missingness_risk_score (24.5). Research prototype only. Not medical advice.,P0240
71.18166666666664,56.16833333333333,87.83281356492849,77.42857142857143,100.0,97.14689833854301,77.92,moderate,Overall category: moderate. Strongest component: device_bias_score (100.0). Weakest component: artifact_burden_score (56.2). Research prototype only. Not medical advice.,P0241
65.36500000000002,64.505,88.87207630913663,70.80952380952381,100.0,59.15148481884878,73.55,moderate,Overall category: moderate. Strongest component: device_bias_score (100.0). Weakest component: confounding_risk_score (59.2). Research prototype only. Not medical advice.,P0242
61.91666666666668,66.33333333333333,87.80848729602643,83.26190476190476,100.0,87.90468249411406,77.59,moderate,Overall category: moderate. Strongest component: device_bias_score (100.0). Weakest component: signal_quality_score (61.9). Research prototype only. Not medical advice.,P0243
76.48166666666668,73.15166666666667,86.82845963495438,87.92857142857142,100.0,71.24567934881733,81.43,high,Overall category: high. Strongest component: device_bias_score (100.0). Weakest component: confounding_risk_score (71.2). Research prototype only. Not medical advice.,P0244
64.37333333333333,62.401666666666664,88.52358911001859,73.92857142857142,100.0,74.99089967298217,74.87,moderate,Overall category: moderate. Strongest component: device_bias_score (100.0). Weakest component: artifact_burden_score (62.4). Research prototype only. Not medical advice.,P0245
80.41999999999999,71.93166666666666,89.97892637293741,89.88095238095238,100.0,82.33911464346164,84.2,high,Overall category: high. Strongest component: device_bias_score (100.0). Weakest component: artifact_burden_score (71.9). Research prototype only. Not medical advice.,P0246
63.13333333333334,56.06666666666666,86.79761105757227,73.14285714285714,100.0,96.97260485108615,75.02,moderate,Overall category: moderate. Strongest component: device_bias_score (100.0). Weakest component: artifact_burden_score (56.1). Research prototype only. Not medical advice.,P0247
60.815,63.06166666666666,84.3712655089996,71.19047619047619,100.0,78.10544118634645,73.18,moderate,Overall category: moderate. Strongest component: device_bias_score (100.0). Weakest component: signal_quality_score (60.8). Research prototype only. Not medical advice.,P0248
52.29166666666666,62.24833333333333,82.96199560050154,71.5952380952381,100.0,99.45886693603086,72.8,moderate,Overall category: moderate. Strongest component: device_bias_score (100.0). Weakest component: signal_quality_score (52.3). Research prototype only. Not medical advice.,P0249
60.81500000000002,58.77333333333333,84.87431360435596,71.97619047619048,100.0,70.46902532659209,71.78,moderate,Overall category: moderate. Strongest component: device_bias_score (100.0). Weakest component: artifact_burden_score (58.8). Research prototype only. Not medical advice.,P0250
76.00833333333334,75.00166666666667,74.30238405975086,78.5952380952381,100.0,88.86382452553042,79.54,moderate,Overall category: moderate. Strongest component: device_bias_score (100.0). Weakest component: temporal_stability_score (74.3). Research prototype only. Not medical advice.,P0251
75.61666666666666,76.19666666666666,84.12084161370582,88.71428571428572,100.0,63.85304031087984,80.66,high,Overall category: high. Strongest component: device_bias_score (100.0). Weakest component: confounding_risk_score (63.9). Research prototype only. Not medical advice.,P0252
60.63333333333334,58.945,83.46519822049923,77.42857142857143,100.0,59.16063706774624,71.17,moderate,Overall category: moderate. Strongest component: device_bias_score (100.0). Weakest component: artifact_burden_score (58.9). Research prototype only. Not medical advice.,P0253
78.25500000000001,69.61666666666666,88.56603559758607,93.38095238095238,100.0,76.20431319739508,82.83,high,Overall category: high. Strongest component: device_bias_score (100.0). Weakest component: artifact_burden_score (69.6). Research prototype only. Not medical advice.,P0254
78.10833333333333,69.025,88.46806956468728,91.04761904761905,100.0,94.17458139040855,84.1,high,Overall category: high. Strongest component: device_bias_score (100.0). Weakest component: artifact_burden_score (69.0). Research prototype only. Not medical advice.,P0255
74.52,71.32833333333333,73.77070008013202,75.47619047619048,100.0,74.31603337713398,76.4,moderate,Overall category: moderate. Strongest component: device_bias_score (100.0). Weakest component: artifact_burden_score (71.3). Research prototype only. Not medical advice.,P0256
66.745,58.975,86.81335114035271,63.80952380952382,100.0,58.92386523523703,71.31,moderate,Overall category: moderate. Strongest component: device_bias_score (100.0). Weakest component: confounding_risk_score (58.9). Research prototype only. Not medical advice.,P0257
60.49333333333333,53.14333333333333,86.40583139766437,77.42857142857143,100.0,70.0797224435178,71.66,moderate,Overall category: moderate. Strongest component: device_bias_score (100.0). Weakest component: artifact_burden_score (53.1). Research prototype only. Not medical advice.,P0258
64.74333333333334,50.959999999999994,82.33780081062875,59.14285714285714,100.0,98.5541675909375,71.57,moderate,Overall category: moderate. Strongest component: device_bias_score (100.0). Weakest component: artifact_burden_score (51.0). Research prototype only. Not medical advice.,P0259
67.48333333333333,60.03333333333334,88.9166848034808,69.64285714285714,100.0,94.91768766297422,76.6,moderate,Overall category: moderate. Strongest component: device_bias_score (100.0). Weakest component: artifact_burden_score (60.0). Research prototype only. Not medical advice.,P0260
64.12666666666668,66.49499999999999,86.58144278747962,78.5952380952381,100.0,91.75454820348457,77.61,moderate,Overall category: moderate. Strongest component: device_bias_score (100.0). Weakest component: signal_quality_score (64.1). Research prototype only. Not medical advice.,P0261
52.48833333333332,60.70833333333333,88.08393605446312,72.76190476190476,100.0,88.3762842217622,72.63,moderate,Overall category: moderate. Strongest component: device_bias_score (100.0). Weakest component: signal_quality_score (52.5). Research prototype only. Not medical advice.,P0262
65.195,73.42333333333333,92.15190099094357,78.5952380952381,100.0,74.23597840382345,78.63,moderate,Overall category: moderate. Strongest component: device_bias_score (100.0). Weakest component: signal_quality_score (65.2). Research prototype only. Not medical advice.,P0263
48.26499999999999,53.04666666666667,83.4023253536944,52.523809523809526,100.0,88.60789427073423,66.1,moderate,Overall category: moderate. Strongest component: device_bias_score (100.0). Weakest component: signal_quality_score (48.3). Research prototype only. Not medical advice.,P0264
46.129999999999995,53.11666666666666,85.81543627948882,62.642857142857146,100.0,94.79771369779391,68.2,moderate,Overall category: moderate. Strongest component: device_bias_score (100.0). Weakest component: signal_quality_score (46.1). Research prototype only. Not medical advice.,P0265
80.19000000000001,70.89166666666667,87.22849949632139,77.42857142857143,100.0,85.10222907265309,81.8,high,Overall category: high. Strongest component: device_bias_score (100.0). Weakest component: artifact_burden_score (70.9). Research prototype only. Not medical advice.,P0266
76.63999999999999,71.75,83.13676854615822,89.88095238095238,100.0,95.115991854612,83.13,high,Overall category: high. Strongest component: device_bias_score (100.0). Weakest component: artifact_burden_score (71.8). Research prototype only. Not medical advice.,P0267
65.55666666666666,76.21833333333333,84.8707204389296,94.54761904761905,100.0,95.21379080512823,82.31,high,Overall category: high. Strongest component: device_bias_score (100.0). Weakest component: signal_quality_score (65.6). Research prototype only. Not medical advice.,P0268
79.60166666666669,69.37666666666668,89.3220967857003,87.54761904761905,100.0,76.49292391935664,82.42,high,Overall category: high. Strongest component: device_bias_score (100.0). Weakest component: artifact_burden_score (69.4). Research prototype only. Not medical advice.,P0269
71.38666666666667,65.3,88.77786418813554,80.92857142857143,100.0,98.91107367824755,80.69,high,Overall category: high. Strongest component: device_bias_score (100.0). Weakest component: artifact_burden_score (65.3). Research prototype only. Not medical advice.,P0270
66.375,69.54,84.22697714641284,64.97619047619048,100.0,78.36661497155347,74.93,moderate,Overall category: moderate. Strongest component: device_bias_score (100.0). Weakest component: missingness_risk_score (65.0). Research prototype only. Not medical advice.,P0271
63.811666666666675,55.620000000000005,88.50135095839822,62.642857142857146,100.0,95.70039565257082,73.74,moderate,Overall category: moderate. Strongest component: device_bias_score (100.0). Weakest component: artifact_burden_score (55.6). Research prototype only. Not medical advice.,P0272
63.824999999999996,60.85666666666666,91.67345676327255,78.5952380952381,100.0,82.2871633798335,76.48,moderate,Overall category: moderate. Strongest component: device_bias_score (100.0). Weakest component: artifact_burden_score (60.9). Research prototype only. Not medical advice.,P0273
76.46499999999999,67.57166666666667,90.56024617256425,79.76190476190476,100.0,98.42234430527364,82.55,high,Overall category: high. Strongest component: device_bias_score (100.0). Weakest component: artifact_burden_score (67.6). Research prototype only. Not medical advice.,P0274
72.13666666666667,75.02666666666667,83.14266794576758,74.30952380952381,100.0,73.69481817082506,78.18,moderate,Overall category: moderate. Strongest component: device_bias_score (100.0). Weakest component: signal_quality_score (72.1). Research prototype only. Not medical advice.,P0275
65.48833333333334,72.905,88.05271757095919,89.88095238095238,100.0,65.4496294322492,78.59,moderate,Overall category: moderate. Strongest component: device_bias_score (100.0). Weakest component: confounding_risk_score (65.4). Research prototype only. Not medical advice.,P0276
62.944999999999986,50.71000000000001,82.72166866935078,65.76190476190476,100.0,95.58035240769733,71.84,moderate,Overall category: moderate. Strongest component: device_bias_score (100.0). Weakest component: artifact_burden_score (50.7). Research prototype only. Not medical advice.,P0277
59.86499999999999,67.43333333333332,87.18888553351414,59.52380952380953,100.0,82.05012322042194,73.02,moderate,Overall category: moderate. Strongest component: device_bias_score (100.0). Weakest component: missingness_risk_score (59.5). Research prototype only. Not medical advice.,P0278
62.49333333333333,66.06666666666668,85.18869800009674,79.76190476190476,100.0,87.05041499086649,76.54,moderate,Overall category: moderate. Strongest component: device_bias_score (100.0). Weakest component: signal_quality_score (62.5). Research prototype only. Not medical advice.,P0279
54.885000000000005,63.151666666666664,79.67084794161364,62.642857142857146,100.0,91.70774995640255,70.85,moderate,Overall category: moderate. Strongest component: device_bias_score (100.0). Weakest component: signal_quality_score (54.9). Research prototype only. Not medical advice.,P0280
63.52166666666667,60.33,90.0345862060927,78.5952380952381,100.0,89.24916101632267,76.67,moderate,Overall category: moderate. Strongest component: device_bias_score (100.0). Weakest component: artifact_burden_score (60.3). Research prototype only. Not medical advice.,P0281
74.77,64.12,82.08251476993976,72.76190476190476,100.0,96.6568577102261,78.51,moderate,Overall category: moderate. Strongest component: device_bias_score (100.0). Weakest component: artifact_burden_score (64.1). Research prototype only. Not medical advice.,P0282
59.643333333333324,57.341666666666654,83.374513954963,62.642857142857146,100.0,95.483710325577,72.0,moderate,Overall category: moderate. Strongest component: device_bias_score (100.0). Weakest component: artifact_burden_score (57.3). Research prototype only. Not medical advice.,P0283
63.019999999999996,60.42333333333334,87.06762155541304,78.5952380952381,100.0,94.6201412982924,76.5,moderate,Overall category: moderate. Strongest component: device_bias_score (100.0). Weakest component: artifact_burden_score (60.4). Research prototype only. Not medical advice.,P0284
51.11333333333333,57.30166666666668,76.30175927860998,89.88095238095238,100.0,98.69411731629866,72.85,moderate,Overall category: moderate. Strongest component: device_bias_score (100.0). Weakest component: signal_quality_score (51.1). Research prototype only. Not medical advice.,P0285
68.99499999999999,68.87,87.25995393227514,87.54761904761905,100.0,77.4404377073367,79.35,moderate,Overall category: moderate. Strongest component: device_bias_score (100.0). Weakest component: artifact_burden_score (68.9). Research prototype only. Not medical advice.,P0286
66.71666666666665,60.47,87.11349850803448,76.26190476190476,100.0,73.63418508062693,75.0,moderate,Overall category: moderate. Strongest component: device_bias_score (100.0). Weakest component: artifact_burden_score (60.5). Research prototype only. Not medical advice.,P0287
75.74833333333332,74.11333333333333,88.73693289675202,84.42857142857143,100.0,90.67040588883646,83.24,high,Overall category: high. Strongest component: device_bias_score (100.0). Weakest component: artifact_burden_score (74.1). Research prototype only. Not medical advice.,P0288
54.00666666666667,48.62833333333334,92.18062400990668,57.97619047619047,100.0,94.11062110493712,69.77,moderate,Overall category: moderate. Strongest component: device_bias_score (100.0). Weakest component: artifact_burden_score (48.6). Research prototype only. Not medical advice.,P0289
73.38666666666666,71.39,87.65468916370854,82.0952380952381,100.0,75.24380377757791,79.99,moderate,Overall category: moderate. Strongest component: device_bias_score (100.0). Weakest component: artifact_burden_score (71.4). Research prototype only. Not medical advice.,P0290
68.2,65.39333333333333,89.35861747235053,75.09523809523809,100.0,75.58223135174623,76.82,moderate,Overall category: moderate. Strongest component: device_bias_score (100.0). Weakest component: artifact_burden_score (65.4). Research prototype only. Not medical advice.,P0291
62.03833333333333,63.98333333333335,87.14927846039365,80.54761904761905,100.0,89.66553999630177,76.78,moderate,Overall category: moderate. Strongest component: device_bias_score (100.0). Weakest component: signal_quality_score (62.0). Research prototype only. Not medical advice.,P0292
60.010000000000005,65.08333333333333,87.77638762505725,62.642857142857146,100.0,76.86196417025832,72.66,moderate,Overall category: moderate. Strongest component: device_bias_score (100.0). Weakest component: signal_quality_score (60.0). Research prototype only. Not medical advice.,P0293
76.00166666666667,66.55166666666668,65.86563399721793,82.0952380952381,100.0,98.89935992745727,77.69,moderate,Overall category: moderate. Strongest component: device_bias_score (100.0). Weakest component: temporal_stability_score (65.9). Research prototype only. Not medical advice.,P0294
51.218333333333334,58.70166666666666,84.61053185438159,73.14285714285714,100.0,90.14253207919928,71.45,moderate,Overall category: moderate. Strongest component: device_bias_score (100.0). Weakest component: signal_quality_score (51.2). Research prototype only. Not medical advice.,P0295
58.48166666666666,60.80666666666667,74.4090174285939,65.35714285714286,100.0,97.5597697856191,71.22,moderate,Overall category: moderate. Strongest component: device_bias_score (100.0). Weakest component: signal_quality_score (58.5). Research prototype only. Not medical advice.,P0296
59.75499999999999,68.13666666666667,87.37165528812784,68.47619047619048,100.0,82.49619206311141,74.56,moderate,Overall category: moderate. Strongest component: device_bias_score (100.0). Weakest component: signal_quality_score (59.8). Research prototype only. Not medical advice.,P0297
62.61833333333333,60.72333333333334,89.20190559493304,72.76190476190476,100.0,59.8157165844144,72.54,moderate,Overall category: moderate. Strongest component: device_bias_score (100.0). Weakest component: confounding_risk_score (59.8). Research prototype only. Not medical advice.,P0298
71.50333333333332,63.85333333333333,90.99177084011075,84.42857142857143,100.0,75.13536722826437,79.02,moderate,Overall category: moderate. Strongest component: device_bias_score (100.0). Weakest component: artifact_burden_score (63.9). Research prototype only. Not medical advice.,P0299
58.49833333333334,69.10499999999999,89.1295602163134,67.30952380952382,100.0,98.4148548026602,76.21,moderate,Overall category: moderate. Strongest component: device_bias_score (100.0). Weakest component: signal_quality_score (58.5). Research prototype only. Not medical advice.,P0300
